﻿<?xml version="1.0" encoding="utf-8"?>
<HelpDeskDB>
  <Employees>
    <Employee>
      <id>1</id>
      <name>Snesh</name>
      <managerId>0</managerId>
      <workStation>WS-201</workStation>
    </Employee>
    <Employee>
      <id>2</id>
      <name>Praveen</name>
      <managerId>1</managerId>
      <workStation>WS-202</workStation>
    </Employee>
  </Employees>
  <Softwares>
    <Categories>
      <Category>
        <categoryId>1</categoryId>
        <categoryName>DB</categoryName>
        <Items>
          <Item>
            <itemId>1</itemId>
            <itemName>SQL</itemName>
          </Item>
          <Item>
            <itemId>2</itemId>
            <itemName>Oracle</itemName>
          </Item>
        </Items>
      </Category>
      <Category>
        <categoryId>2</categoryId>
        <categoryName>IDE</categoryName>
        <Items>
          <Item>
            <itemId>1</itemId>
            <itemName>VS</itemName>
          </Item>
          <Item>
            <itemId>2</itemId>
            <itemName>Eclipse</itemName>
          </Item>
        </Items>
      </Category>
    </Categories>
  </Softwares>
  <Hardwares>
    <Categories>
      <Category>
        <categoryId>1</categoryId>
        <categoryName>System</categoryName>
        <Items>
          <Item>
            <itemId>1</itemId>
            <itemName>Laptop</itemName>
          </Item>
          <Item>
            <itemId>2</itemId>
            <itemName>Desktop</itemName>
          </Item>
        </Items>
      </Category>
      <Category>
        <categoryId>2</categoryId>
        <categoryName>Accessories</categoryName>
        <Items>
          <Item>
            <itemId>1</itemId>
            <itemName>RAM</itemName>
          </Item>
          <Item>
            <itemId>2</itemId>
            <itemName>HardDisk</itemName>
          </Item>
        </Items>
      </Category>
    </Categories>
  </Hardwares>
  <RequestInfo>
    <Request>
      <Id>0</Id>
      <employeeId>2</employeeId>
      <type>Hardawre</type>
      <category>System</category>
      <item>Laptop</item>
      <comment>Dell</comment>
    </Request>
    <Request>
      <Id>1</Id>
      <employeeId>2</employeeId>
      <type>Hardawre</type>
      <category>Accessories</category>
      <item>RAM</item>
      <comment>16 GB</comment>
    </Request>
    <Request>
      <Id>2</Id>
      <employeeId>1</employeeId>
      <type>Hardawre</type>
      <category>System</category>
      <item>Desktop</item>
      <comment>Big One</comment>
    </Request>
    <Request>
      <Id>3</Id>
      <employeeId>2</employeeId>
      <type>Hardawre</type>
      <category>System</category>
      <item>Laptop</item>
      <comment>dfdf</comment>
    </Request>
    <Request>
      <Id>4</Id>
      <employeeId>1</employeeId>
      <type>Hardawre</type>
      <category>System</category>
      <item>Desktop</item>
      <comment>mmm</comment>
    </Request>    
  </RequestInfo>
</HelpDeskDB>